feature_1,feature_2,feature_3,feature_4,feature_5,label
0.10189807,0.67527435,0.14026128,0.35956329,0.59386593,1
0.82773671,0.28831648,0.89893171,0.54929553,0.94591899,1
0.57285919,0.23456300,0.60492094,0.90335570,0.81011363,1
0.74633809,0.57021793,0.66963630,0.89655691,0.68220295,3
0.78034426,0.59335281,0.86699351,0.70010629,0.96771969,3
0.39260121,0.57673600,0.22098161,0.70247922,0.00994814,1
0.96903296,0.26046632,0.21258502,0.14142216,0.12089988,1
0.63332113,0.86598082,0.26055406,0.93412320,0.46395027,3
0.48518116,0.51346596,0.81984235,0.87072681,0.09130554,3
0.38846469,0.44534522,0.08743035,0.64024566,0.66875757,1
0.90168373,0.54424397,0.26525295,0.22220491,0.46789570,3
0.59142425,0.05938498,0.55340117,0.00307848,0.69579839,0
0.22618555,0.51868181,0.80294055,0.09256044,0.37686219,2
0.95733081,0.77949483,0.65617820,0.89637630,0.23240704,1
0.58642784,0.91396835,0.22951875,0.74288717,0.86750370,3
0.12735950,0.99945394,0.00986584,0.54308051,0.53612571,1
0.04666283,0.56116869,0.11308072,0.87419284,0.73434435,3
0.03794098,0.09473634,0.43838009,0.72859446,0.73637695,0
0.77715738,0.44942796,0.87894712,0.29608439,0.25005455,1
0.18191199,0.74940279,0.62937369,0.57131256,0.97113908,1
0.22818527,0.94629029,0.41216098,0.73234507,0.57632929,1
0.55481067,0.43507087,0.83865189,0.54036822,0.40773800,3
0.26949814,0.16492673,0.79937184,0.69929215,0.90389634,3
0.14162071,0.79323532,0.13641794,0.47464274,0.37915533,1
0.35764980,0.41970575,0.21925030,0.36167782,0.12794822,1
0.23319741,0.64662503,0.98546320,0.37345101,0.75495789,3
0.50010457,0.69555557,0.95417841,0.52992123,0.92203719,3
0.81967378,0.92077908,0.50814951,0.82103493,0.67174561,3
0.68966251,0.13628466,0.25443942,0.97067317,0.65397563,0
0.37308985,0.14961591,0.32436205,0.99547795,0.97104296,0
0.82687312,0.89529775,0.48938871,0.50115587,0.17354890,1
0.57416424,0.98266046,0.44383859,0.80927848,0.15846483,1
0.10595811,0.48743884,0.18003324,0.36297749,0.46663375,1
0.13252054,0.02427826,0.09589380,0.68538059,0.19502093,0
0.34137916,0.03182277,0.41189337,0.03989952,0.39874001,0
0.46510914,0.96457610,0.00450493,0.69689645,0.70517063,3
0.40831494,0.96852688,0.25364312,0.24905315,0.04563748,1
0.71764893,0.31928203,0.65624709,0.53891307,0.63612646,1
0.11560185,0.23846825,0.59422312,0.01204456,0.67344732,1
0.41314608,0.22961853,0.24369738,0.10551546,0.91015698,1
0.83481033,0.63750802,0.13052242,0.93942196,0.91186948,3
0.32931268,0.44206521,0.80758748,0.54255533,0.37607293,3
0.71579295,0.38524952,0.09603368,0.24708753,0.42129458,1
0.33859893,0.16217405,0.01749579,0.68424824,0.87743918,0
0.70722145,0.77255388,0.27351791,0.08865409,0.24943188,2
0.47545667,0.79825243,0.46330546,0.63245919,0.01690106,1
0.53392495,0.83392512,0.71083367,0.94071278,0.97627872,3
0.33149014,0.92891238,0.30196296,0.44319757,0.92424011,1
0.69681647,0.34656448,0.89084280,0.76185129,0.00103324,1
0.92717769,0.82273012,0.01850973,0.01443221,0.01357229,2
0.94184757,0.53565377,0.34849540,0.30048825,0.36645888,1
0.56736068,0.85361968,0.53031379,0.97789110,0.93461084,3
0.21718025,0.33748554,0.36130052,0.00032968,0.11740538,1
0.69796042,0.39466831,0.62823706,0.41787679,0.11474146,1
0.04833285,0.07098552,0.67219686,0.10663021,0.32399499,0
0.67698463,0.77214480,0.07050832,0.04615039,0.45125298,2
0.41622907,0.12022797,0.86030950,0.40971843,0.96935284,3
0.94213427,0.59026958,0.79155997,0.18089312,0.76602008,3
0.16704758,0.57424126,0.42213046,0.13264716,0.08144125,1
0.76166224,0.11674943,0.94260801,0.09425433,0.27117467,0
0.88006461,0.27269866,0.62701477,0.93473277,0.70660942,1
0.05821586,0.18579878,0.60841688,0.68937383,0.14602798,0
0.92104107,0.06309755,0.57700605,0.28403688,0.58123502,0
0.96592372,0.19476384,0.61566422,0.22594650,0.89202964,0
0.75188906,0.98673359,0.92354032,0.30726050,0.85670595,3
0.11347030,0.69118210,0.91783299,0.67122933,0.35162964,3
0.94200881,0.52760317,0.57864686,0.83235002,0.66961373,1
0.95055796,0.72519309,0.63868911,0.77722506,0.80282376,3
0.48894699,0.14953082,0.42663380,0.18761290,0.86620302,0
0.66947025,0.67618028,0.84012451,0.45631773,0.82387768,3
0.92089318,0.47044597,0.89341173,0.30196146,0.30715065,1
0.18383180,0.26918291,0.14389127,0.16018867,0.22337086,1
0.13754898,0.25916788,0.21484298,0.37161909,0.68378715,1
0.20241700,0.19648609,0.03116004,0.30035587,0.91251933,0
0.73778034,0.43518997,0.61559351,0.94900837,0.57358699,1
0.14558316,0.29295269,0.36536281,0.22384744,0.44362877,1
0.72751936,0.11038338,0.88503813,0.11243694,0.95600696,0
0.05863442,0.41832057,0.06915794,0.37860666,0.07851881,1
0.67547352,0.16936599,0.38086217,0.73354889,0.13410987,0
0.23221065,0.72945236,0.11379501,0.13477170,0.22631614,1
0.35423752,0.13033998,0.79828717,0.07190343,0.29633976,2
0.53034688,0.05610732,0.59021742,0.55088722,0.91369934,0
0.09626381,0.28609281,0.15805631,0.53330077,0.02949765,1
0.75947452,0.75860536,0.80930507,0.07602407,0.52782800,2
0.42194392,0.69609717,0.97026048,0.18425175,0.91156335,3
0.97585443,0.37291880,0.32918229,0.21018381,0.24964092,1
0.19336920,0.64523257,0.92557103,0.87761560,0.30390254,3
0.04832772,0.33286961,0.64560929,0.57235027,0.73348477,1
0.08022994,0.10854701,0.19572458,0.45172004,0.82572257,0
0.72792946,0.11925331,0.55564182,0.79129343,0.48113814,0
0.06092561,0.61977052,0.71717631,0.68195980,0.49888691,1
0.77267302,0.37735673,0.82500388,0.63962070,0.39182979,1
0.34889941,0.85634343,0.21315734,0.01597610,0.64620359,1
0.81148633,0.69869043,0.17921768,0.70191030,0.60431667,3
0.37098338,0.21155955,0.28727631,0.48974776,0.52401455,0
0.53626686,0.17925464,0.56391960,0.91593775,0.57321772,0
0.05838248,0.02125427,0.94578900,0.20493731,0.64912697,3
0.32723183,0.27067110,0.13074352,0.30925068,0.74493463,1
0.72757579,0.48828851,0.53355944,0.88826666,0.21027171,1
0.40411161,0.52967287,0.93292422,0.41693380,0.54388769,3
0.13669858,0.24356107,0.72585995,0.07846829,0.89867729,1
0.33565267,0.63802308,0.54116109,0.65392659,0.90308239,1
0.78843939,0.64080683,0.46993266,0.55836938,0.85293005,3
0.29817799,0.05407043,0.03753331,0.43045209,0.49760612,0
0.54338625,0.62042314,0.11924764,0.89236370,0.60891258,3
0.46726824,0.71744461,0.14647915,0.31641976,0.89664993,1
0.81662208,0.90604336,0.64603147,0.01235887,0.70692439,2
0.31142945,0.60274589,0.20672959,0.68535317,0.77675297,1
0.17853949,0.30383835,0.21236028,0.78450718,0.11948905,1
0.35007516,0.09981684,0.58787736,0.15142524,0.50818061,0
0.40440380,0.82032892,0.89997477,0.40584875,0.01741193,3
0.88221575,0.41583540,0.05423561,0.82025737,0.82482654,1
0.14314657,0.65516422,0.16711455,0.51371863,0.71602394,1
0.70979711,0.83517906,0.34600955,0.11334623,0.52668570,2
0.65077669,0.35390602,0.12936397,0.95335493,0.29736596,1
0.07057011,0.59383915,0.33206003,0.26292904,0.55143099,1
0.83302193,0.08628720,0.42655750,0.58438930,0.85075632,0
0.71061686,0.48445576,0.63121158,0.17212015,0.97952357,1
0.97716321,0.16275356,0.90058544,0.43650708,0.66052611,0
0.01321903,0.11597576,0.31351382,0.00713756,0.46090764,0
0.27886095,0.84380697,0.61181999,0.86325945,0.55566232,1
0.33421659,0.33145292,0.20460909,0.37690170,0.83861993,1
0.52404432,0.10966373,0.00326512,0.71192275,0.58956711,0
0.43270808,0.48436996,0.18815629,0.98787359,0.67276964,1
0.19703301,0.18687116,0.84802378,0.47793512,0.18096596,3
0.63558705,0.96571945,0.97902712,0.78477823,0.60427253,3
0.74083199,0.36230261,0.92744683,0.77507110,0.96552492,1
0.07555466,0.51047747,0.24779919,0.83884194,0.67332744,1
0.66488208,0.02760059,0.55878541,0.27830811,0.74582953,0
0.39689044,0.50295629,0.85730940,0.20468885,0.68265983,3
0.33993642,0.49286568,0.30804632,0.49185861,0.67073614,1
0.16610270,0.25640477,0.47940311,0.93879931,0.88285607,1
0.02884902,0.53745004,0.67352470,0.22649167,0.76535176,1
0.27154437,0.26996452,0.99737515,0.72595311,0.33463823,3
0.08549210,0.40632955,0.41702449,0.35048356,0.07201917,1
0.52119131,0.95433420,0.47326078,0.38068391,0.30338452,1
0.93902362,0.16099153,0.95678866,0.79386210,0.19966191,0
0.33624905,0.35051656,0.44323706,0.63816440,0.56285374,1
0.87555202,0.25084456,0.55429595,0.34924026,0.47060920,1
0.36947085,0.16996209,0.82883898,0.61879828,0.64036983,3
0.74870844,0.37476282,0.79303356,0.36635557,0.57856217,1
0.67998133,0.01982946,0.99814110,0.13072748,0.69703765,0
0.45901440,0.15176415,0.94999830,0.84000266,0.38829088,3
0.62203634,0.62143335,0.43839216,0.38197076,0.01505772,3
0.84770228,0.48389725,0.35837408,0.54343030,0.35758945,1
0.74037965,0.84676444,0.16665576,0.99361744,0.85516361,3
0.52662160,0.96251095,0.25471851,0.59275913,0.69100534,3
0.36170155,0.11371203,0.83438589,0.87459869,0.12372379,3
0.84692018,0.69898256,0.62925501,0.92374569,0.24229395,3
0.71328027,0.83717451,0.83934829,0.93877349,0.19000631,3
0.17820061,0.23787830,0.21989534,0.63688757,0.95422266,1
0.75466213,0.54039603,0.12623856,0.21167826,0.72414889,3
0.28394974,0.54838107,0.69948219,0.87816066,0.91325654,3
0.89474396,0.26038579,0.60616442,0.06108297,0.68589525,1
0.93686564,0.60160503,0.07158838,0.55037827,0.89608748,3
0.92976477,0.37586659,0.56394642,0.50852354,0.25868823,1
0.54152478,0.73802334,0.80642953,0.89322034,0.59706111,3
0.28028447,0.03952355,0.49756023,0.23087103,0.82126109,0
0.60784699,0.41900446,0.93899839,0.97296334,0.77067612,1
0.26340778,0.20004459,0.64323784,0.15180990,0.67467583,0
0.20482151,0.31597583,0.65200833,0.54520580,0.98452493,1
0.93406380,0.01912332,0.24120156,0.55786740,0.16345371,0
0.87760360,0.81014100,0.02321421,0.15879585,0.68533515,3
0.43308049,0.33387672,0.03035713,0.82572094,0.87742366,1
0.36530714,0.99456649,0.40568988,0.10682403,0.99568028,1
0.48817644,0.09607205,0.76021309,0.52272590,0.11128722,0
0.02696452,0.04667500,0.32217661,0.95459563,0.63412977,0
0.34682500,0.35615488,0.85158063,0.29577935,0.96064405,3
0.58176784,0.43522064,0.11271005,0.40938882,0.59403819,1
0.73009507,0.41973986,0.97538883,0.73599029,0.76583939,1
0.43569428,0.16817750,0.14093818,0.60270953,0.83640735,0
0.67016834,0.06013137,0.57190636,0.31450173,0.50789117,0
0.20371156,0.43085216,0.11016717,0.85652568,0.44264626,1
0.87896151,0.38493288,0.74294324,0.84290397,0.96336838,1
0.36182355,0.91800314,0.66279204,0.18165026,0.77560989,1
0.34454514,0.76604301,0.30067130,0.23348261,0.42326634,1
0.34873725,0.40933904,0.40904770,0.64550148,0.02800695,1
0.79598506,0.37891953,0.71149917,0.50675015,0.65717166,1
0.76258843,0.07855302,0.58657429,0.75369257,0.21906679,0
0.61439591,0.40995835,0.08222268,0.61992910,0.14188179,1
0.41744075,0.97640740,0.53782053,0.81113551,0.82803716,1
0.75076545,0.15142915,0.24567594,0.74713414,0.99724879,0
0.86275402,0.85103855,0.14634101,0.71937044,0.64389051,3
0.63874956,0.36555494,0.48230932,0.62417099,0.86005958,1
0.52587989,0.43346968,0.76285810,0.28612915,0.01138787,3
0.76433309,0.74919372,0.16197516,0.98708412,0.35924356,3
0.49961418,0.87897186,0.78823586,0.13770456,0.21075968,3
0.25683145,0.90472345,0.25883212,0.94783086,0.03514403,1
0.68805532,0.67777317,0.64191245,0.85522659,0.68644704,3
0.82204807,0.31479631,0.89302971,0.06569163,0.89976929,1
0.61196502,0.95969610,0.02778196,0.55596336,0.31626356,3
0.50017893,0.19775156,0.27949784,0.98834430,0.30544861,0
0.19729186,0.93540456,0.61707681,0.90919334,0.33359530,1
0.09344744,0.46848331,0.98490155,0.07970047,0.41494362,2
0.73872836,0.02756380,0.39482629,0.87855811,0.22259016,0
0.64991785,0.42512194,0.89119672,0.38691550,0.01254668,1
0.07308491,0.34723786,0.95851516,0.64694530,0.29992377,3
0.59698892,0.68116809,0.65614204,0.98179676,0.53361486,3
0.56615396,0.65227121,0.97952424,0.76106301,0.51581099,3
0.56206391,0.48340892,0.99602993,0.74341805,0.05633377,3
0.95164193,0.44188417,0.32231696,0.12449481,0.83633601,1
0.15782283,0.42052556,0.80750610,0.57665207,0.90972014,3
0.06051989,0.39207175,0.56308743,0.32254850,0.35691717,1
0.87322530,0.51419188,0.66462743,0.97290183,0.01314605,1
0.69145337,0.59369693,0.41133256,0.67598246,0.42550255,3
0.62165089,0.52856084,0.89311581,0.64212096,0.02254696,1
0.76767536,0.88745843,0.09687725,0.81754351,0.61996611,3
0.09868705,0.22993590,0.59034318,0.56433971,0.33287751,1
0.42981681,0.21403712,0.75295371,0.95659177,0.51595825,0
0.57418612,0.86411717,0.01126135,0.22378777,0.76440833,1
0.55252719,0.62862556,0.29223544,0.40421767,0.30703006,1
0.99295558,0.98449162,0.10333363,0.75153058,0.43831402,3
0.29062098,0.08475282,0.58704137,0.77515340,0.80667209,0
0.57998303,0.57310809,0.32620552,0.17126421,0.89113819,3
0.59023550,0.26139453,0.01093351,0.67853937,0.20572919,1
0.17221184,0.46973900,0.57959550,0.60109522,0.89064747,1
0.87791649,0.46455712,0.08100889,0.74860642,0.52508070,1
0.97658180,0.45773334,0.85410176,0.29788810,0.36186963,1
0.73336585,0.54526082,0.03790155,0.59651487,0.10177036,3
0.53267242,0.16096314,0.23395340,0.88359783,0.26095133,0
0.19658858,0.83672221,0.60433178,0.95890626,0.40917102,1
0.80103122,0.00674505,0.13872579,0.02822333,0.44777500,0
0.99148698,0.38578773,0.74790931,0.06715965,0.74580787,1
0.03228564,0.84311896,0.88496349,0.42810343,0.07102469,3
0.03854021,0.11393006,0.00184145,0.75042779,0.77033605,0
0.57848438,0.34870201,0.32008156,0.68344905,0.79823406,1
0.99561513,0.98961300,0.01192949,0.81455805,0.38190394,3
0.48329858,0.35073994,0.64075888,0.11179001,0.19860749,1
0.55541625,0.47197665,0.09771553,0.05798004,0.05990286,1
0.38176058,0.84699441,0.39961016,0.57303288,0.71468174,1
0.55475253,0.58557312,0.78725013,0.23263671,0.85110599,3
0.55783501,0.78310279,0.97405821,0.61258141,0.36007041,3
0.71123374,0.59294366,0.17489463,0.65480164,0.89758598,3
0.71567934,0.64310510,0.57813038,0.45499967,0.79257173,3
0.36319514,0.90689204,0.35746419,0.63342337,0.76995253,1
0.01516362,0.56796482,0.37531017,0.86290109,0.89460854,3
0.46356903,0.20835329,0.61027703,0.09343360,0.53762272,0
0.31083816,0.09095203,0.54453390,0.21040509,0.96954160,0
0.40026921,0.77510334,0.77660688,0.22909324,0.10062180,3
0.50086901,0.63021203,0.05200775,0.77839989,0.30527469,1
0.01276246,0.99053674,0.58757654,0.49168976,0.12549842,1
0.80536124,0.49328437,0.40522368,0.87190368,0.19808355,1
0.19052987,0.73522116,0.02229644,0.48528650,0.73338991,1
0.96658984,0.32848231,0.28675259,0.81867558,0.29015844,1
0.45589297,0.58350436,0.71263389,0.99282126,0.89697591,3
0.38535466,0.40511047,0.71769272,0.85993434,0.75881127,1
0.02971194,0.98084590,0.40566933,0.55784660,0.06465739,1
0.25083074,0.63293609,0.17566684,0.59989317,0.88306211,1
0.83610079,0.12021521,0.56454971,0.32119158,0.44403542,0
0.53202198,0.02542365,0.58144659,0.51781066,0.46347090,0
0.06082822,0.00562162,0.77125453,0.03375058,0.06151777,2
0.60260793,0.81856176,0.95544337,0.36437162,0.26453892,3
0.17890666,0.99786843,0.91647319,0.80826277,0.40771348,3
0.13992400,0.79408418,0.62607866,0.79174726,0.08941725,1
0.78094941,0.98329308,0.38447708,0.35983520,0.39988393,3
0.68621965,0.05659478,0.34224815,0.33278836,0.00268588,0
0.00105796,0.20592676,0.90691746,0.52874941,0.62848598,3
0.77537542,0.86125557,0.07307799,0.76064086,0.53039565,3
0.35766958,0.27267344,0.84215463,0.57642775,0.72713581,3
0.39838667,0.75166320,0.04838488,0.62898341,0.57652979,1
0.15511100,0.90973558,0.71844998,0.01221667,0.05589687,1
0.06742126,0.80561884,0.30612234,0.30648669,0.19037522,1
0.76778170,0.74804765,0.92144885,0.13750639,0.47288570,3
0.04264372,0.71933598,0.64696117,0.90493788,0.64975985,3
0.37620450,0.73602306,0.86629800,0.39786343,0.84918455,3
0.57516706,0.15103345,0.31778722,0.25260340,0.09041510,0
0.91692938,0.60404628,0.46571538,0.95459067,0.56666549,3
0.59859188,0.37041462,0.39878274,0.21495868,0.14517329,1
0.19989135,0.83764147,0.02527100,0.24524866,0.68464665,1
0.29574912,0.54436962,0.11321961,0.46359947,0.84434481,1
0.74393713,0.10089784,0.98252110,0.19039895,0.13483841,0
0.84192082,0.52492988,0.63293560,0.11359784,0.10979957,1
0.50789539,0.96307666,0.52990783,0.80860604,0.64148526,3
0.80395139,0.56905965,0.19249397,0.39285370,0.47628247,3
0.17077534,0.60906129,0.18355183,0.51648787,0.53767567,1
0.30060957,0.32720313,0.99048842,0.91729669,0.74629164,1
0.64273413,0.52357455,0.36257292,0.61018177,0.68548271,1
0.65266738,0.55407922,0.68505472,0.25863982,0.36234362,3
0.16047303,0.06363352,0.08257693,0.29698782,0.40653720,0
0.89736651,0.89593154,0.77584617,0.68770610,0.64065290,3
0.68103777,0.42543208,0.86173121,0.91968374,0.43483759,1
0.23844387,0.94038814,0.33509854,0.99815674,0.26958308,1
0.69773718,0.15149384,0.85047042,0.47736543,0.24507609,0
0.53639544,0.49330208,0.17446681,0.15767542,0.68415055,1
0.28248337,0.31311064,0.61403684,0.48806311,0.01133130,1
0.84718264,0.12035136,0.57417181,0.96755555,0.38040991,0
0.59584205,0.88451419,0.24453535,0.03853313,0.17583283,2
0.70036077,0.53040444,0.92009342,0.78191351,0.89939838,1
0.50985401,0.84945188,0.33645934,0.35653863,0.51628497,1
0.72167795,0.77426942,0.43151555,0.48697653,0.89062876,3
0.12372062,0.86756895,0.03099152,0.10860998,0.12641143,1
0.76149559,0.96822261,0.70127230,0.36181454,0.88991784,3
0.70397614,0.90103553,0.58904958,0.46441369,0.14302377,1
0.46596624,0.99053125,0.69644559,0.11320682,0.42537222,1
0.82862439,0.21187414,0.50116115,0.79564627,0.40438271,0
0.30973750,0.31445774,0.84611719,0.61518621,0.91949555,3
0.60862152,0.64307090,0.08037885,0.48260075,0.40088675,3
0.36447598,0.29248446,0.24018174,0.98984070,0.52275958,1
0.39375072,0.69449476,0.99537192,0.49660078,0.00129051,3
0.16842472,0.26407469,0.09082371,0.67082685,0.68105932,1
0.14756157,0.09007469,0.24158391,0.64802770,0.83755345,0
0.77221215,0.40955965,0.93293987,0.15870582,0.07621383,1
0.84240581,0.02261508,0.28037128,0.60440616,0.42534989,0
0.58922829,0.46693802,0.55963116,0.28504426,0.58158039,1
0.30722104,0.36679869,0.22211294,0.45691806,0.23043111,1
0.21214719,0.60223454,0.23197668,0.99659240,0.14982911,1
0.48744225,0.98513019,0.20549747,0.21142947,0.43141028,1
0.36725043,0.14328810,0.11399694,0.13053805,0.14200507,0
0.17564692,0.82648481,0.65928239,0.79508937,0.05300132,1
0.19682754,0.41848255,0.47448167,0.36730894,0.27250086,1
0.14322264,0.23326745,0.35747629,0.09594001,0.62486094,1
0.32921158,0.49226070,0.35407719,0.37159406,0.38882825,1
0.66733786,0.22878014,0.04234976,0.72675443,0.06696012,1
0.13954724,0.43044399,0.53019036,0.93583020,0.23744422,1
0.93765810,0.77380414,0.76100721,0.32135069,0.38816457,3
0.62249268,0.78235362,0.50204920,0.03501988,0.54381015,2
0.19221798,0.91899715,0.72788437,0.15554543,0.89831454,1
0.08854433,0.27079230,0.38256684,0.80787935,0.57747520,1
0.81358715,0.27321714,0.25157990,0.36037912,0.66777379,1
0.68590822,0.95083702,0.12456247,0.49110540,0.35075215,3
0.91637158,0.51710716,0.35145171,0.91203061,0.55552443,1
0.69605834,0.88234970,0.40913309,0.11955053,0.51068411,2
0.58385046,0.17386534,0.37260270,0.14075893,0.78681758,0
0.33373971,0.26647634,0.24164349,0.95762530,0.95109308,1
0.93902081,0.71025513,0.50721703,0.53412180,0.84516659,3
0.58847513,0.30508048,0.73630391,0.16344485,0.66722230,1
0.27790726,0.81251143,0.45481446,0.54645940,0.49124071,1
0.58296073,0.86070561,0.44814211,0.59608470,0.97936098,3
0.50424105,0.15029909,0.97782246,0.36961491,0.73750306,3
0.79460971,0.17947811,0.20536305,0.83012792,0.67862582,0
0.53272740,0.31073529,0.95593020,0.14742052,0.63302831,3
0.30928277,0.59186300,0.86967205,0.74541836,0.49041935,3
0.33308388,0.36679490,0.21781351,0.48784896,0.20038615,1
0.50619902,0.26911718,0.44407342,0.78889488,0.40353401,1
0.71086049,0.64821701,0.30543920,0.62375022,0.51257469,3
0.50517557,0.04202575,0.66511099,0.37874771,0.41846311,0
0.07710665,0.06678665,0.34284375,0.96364481,0.91989672,0
0.16499604,0.24382529,0.79889301,0.74555028,0.03500079,3
0.87379315,0.14703099,0.65726162,0.25311165,0.86305200,0
0.02116734,0.92556673,0.34530897,0.99361502,0.18985475,1
0.48248348,0.52660177,0.41879597,0.21119805,0.69120267,1
0.29980192,0.88038195,0.25437320,0.54658299,0.45175020,1
0.54835563,0.51823409,0.47725716,0.25008636,0.95183516,1
0.94373053,0.27682792,0.45531748,0.84862834,0.65968004,1
0.67366413,0.05939257,0.91257359,0.34150730,0.96598198,0
0.62802244,0.96515384,0.98294064,0.83447315,0.01578776,3
0.29793769,0.56944313,0.61622968,0.94608099,0.96766053,3
0.63889948,0.83653014,0.49611038,0.82864903,0.92718349,3
0.65678356,0.71300261,0.36143349,0.16773061,0.15374566,3
0.20232437,0.42899452,0.10110701,0.93071766,0.89801762,1
0.30228803,0.24133581,0.43735272,0.29528167,0.70856672,1
0.62307907,0.53223994,0.56364030,0.20554824,0.46878418,1
0.24724605,0.14746382,0.48857373,0.93862567,0.34451187,0
0.99841301,0.84015519,0.01129182,0.00656435,0.70687638,2
0.56750171,0.57529616,0.61875757,0.85071343,0.23518365,3
0.89828267,0.67246195,0.77355648,0.61362084,0.54608408,3
0.66090817,0.14313657,0.03401689,0.66197496,0.89970358,0
0.87698154,0.80964666,0.09830265,0.69138048,0.78021179,3
0.33299472,0.64484974,0.51899377,0.15438579,0.24351486,1
0.44896009,0.54288555,0.85383071,0.65731243,0.69037720,3
0.45601751,0.13572392,0.35661455,0.97796318,0.36095821,0
0.50705701,0.78854245,0.74614962,0.78075681,0.36406310,3
0.98447487,0.35235371,0.71425301,0.01075222,0.27213163,1
0.62804816,0.98681306,0.71783366,0.78124258,0.34669389,3
0.80575014,0.12057249,0.56655847,0.24599688,0.23184029,0
0.07390261,0.63627293,0.21619887,0.87151585,0.22315288,1
0.73305798,0.00981768,0.41498041,0.65987426,0.45591173,0
0.98819983,0.38248383,0.32384164,0.58077036,0.91658806,1
0.18093726,0.41701420,0.35822090,0.65866433,0.74052865,1
0.89239762,0.84180817,0.47908193,0.75107011,0.54325361,3
0.59767548,0.80649889,0.56790644,0.09663414,0.90941802,2
0.60998956,0.26998879,0.77355704,0.21844658,0.98388818,1
0.71143244,0.07700029,0.64768473,0.97633760,0.93667603,0
0.54812242,0.65190691,0.70190027,0.68237064,0.34083094,1
0.43163234,0.19623435,0.93534658,0.27023709,0.19075742,3
0.40712483,0.26078340,0.01503831,0.65875689,0.51985295,1
0.66097790,0.38916547,0.14000845,0.53065353,0.07380142,1
0.40065732,0.62885109,0.48361767,0.71789401,0.52886648,1
0.89367215,0.77266765,0.46274093,0.97555423,0.58593715,3
0.49478499,0.42028184,0.37396614,0.94649256,0.09694667,1
0.23147005,0.33429848,0.54417684,0.14341929,0.19942669,1
0.30496929,0.03676140,0.82723978,0.60472110,0.08698324,3
0.98503829,0.88723841,0.81557989,0.45826737,0.95597329,3
0.25561214,0.54133357,0.33673349,0.17402125,0.26442065,1
0.17477062,0.88370439,0.66236184,0.40475130,0.85350462,1
0.49865214,0.20687070,0.70944503,0.56896855,0.91203826,0
0.35810940,0.79455599,0.95109916,0.24306561,0.78258493,3
0.86911846,0.36985439,0.93208393,0.44506662,0.60776113,1
0.60749976,0.84378424,0.81643562,0.13538808,0.88062368,3
0.62610435,0.82241545,0.51877222,0.52012222,0.64820382,3
0.06365841,0.60693170,0.36806684,0.47264147,0.84983151,1
0.65556474,0.38942265,0.58479990,0.60770878,0.90744618,1
0.35289085,0.92869051,0.65077480,0.69579035,0.54758602,1
0.96447128,0.33495673,0.88190285,0.96397919,0.35322626,1
0.70717546,0.44691419,0.60575214,0.85131478,0.20159372,1
0.31095954,0.18375671,0.09905632,0.96088537,0.58942064,0
0.36726025,0.01809142,0.20875674,0.82707139,0.56017177,0
0.38910706,0.86303696,0.78463668,0.81805649,0.04330938,3
0.23548117,0.53434425,0.54661710,0.35339603,0.40187625,1
0.52091613,0.49761348,0.56150210,0.27998775,0.40989239,1
0.31745325,0.57163873,0.84415368,0.56370534,0.62511376,3
0.83074110,0.85210562,0.58395641,0.05619140,0.53296614,2
0.91717633,0.73596175,0.74985013,0.64570976,0.87966015,3
0.84979998,0.96424733,0.86177343,0.69694131,0.89903081,3
0.99687250,0.50225335,0.99523996,0.08495970,0.45878725,1
0.33427487,0.87484862,0.71143445,0.46651445,0.36176748,1
0.43871897,0.39803844,0.51139006,0.75632949,0.38145447,1
0.73398576,0.55532829,0.91685534,0.45218790,0.33952156,3
0.17635054,0.83728032,0.54119298,0.06841369,0.20765080,1
0.94515517,0.48859151,0.17588314,0.74690018,0.37764395,1
0.31445779,0.22040190,0.11038936,0.63981680,0.59569199,0
0.93823262,0.44621059,0.18344512,0.50958965,0.60154317,1
0.31083530,0.37693236,0.88319564,0.10685517,0.36017949,2
0.19111489,0.37735572,0.99782674,0.04277061,0.29242662,2
0.32757940,0.01352907,0.36699327,0.39368829,0.62213984,0
0.08453457,0.61646661,0.38690901,0.71296224,0.57760422,1
0.30778009,0.22710804,0.37619847,0.03596900,0.58051015,1
0.72195241,0.77111310,0.29662057,0.95578035,0.79054205,3
0.92110928,0.71618767,0.98801184,0.04781108,0.75182316,2
0.91913331,0.55408190,0.66911192,0.07512040,0.99454256,2
0.78607774,0.27037072,0.76020351,0.82437841,0.85300796,1
0.29639616,0.63930829,0.31634665,0.16158094,0.46429586,1
0.83206285,0.14150881,0.65163667,0.28801968,0.14958970,0
0.86625775,0.41219915,0.69482549,0.82651366,0.28055142,1
0.10191059,0.53348914,0.48464390,0.35847456,0.81657572,1
0.96934303,0.05776157,0.01737125,0.93823418,0.70174958,0
0.87297138,0.98047209,0.99538358,0.39830818,0.97886568,3
0.87415833,0.39019069,0.06998432,0.95708342,0.48409647,1
0.00269923,0.61205856,0.43698152,0.53559171,0.56688920,1
0.07833316,0.79735250,0.11872847,0.94446094,0.29092620,1
0.79292423,0.91372622,0.94141803,0.35573949,0.23777022,3
0.68088001,0.50470756,0.41189833,0.23851967,0.50210703,1
0.15865202,0.67307299,0.91505913,0.26865914,0.68048695,3
0.98697970,0.75008802,0.96563136,0.93392829,0.96677838,3
0.17248071,0.70490151,0.55608326,0.31382672,0.66951162,1
0.67663218,0.34639970,0.53309865,0.67996958,0.66127258,1
0.08596781,0.10665582,0.04860661,0.89168161,0.61081915,0
0.00946688,0.00244889,0.99844684,0.35808279,0.93734145,3
0.83880879,0.73862451,0.23346158,0.48240659,0.39564278,3
0.45574884,0.18230557,0.46773792,0.21449319,0.15492919,0
0.18612581,0.04302876,0.02790217,0.95274736,0.22870803,0
0.09469737,0.27873290,0.44799347,0.33659435,0.09974134,1
0.61373638,0.26609864,0.16913323,0.79010335,0.91626785,1
0.22152521,0.94006745,0.68764503,0.13283232,0.07233292,1
0.67760852,0.93708398,0.78383220,0.75932259,0.37039515,3
0.45483348,0.53214973,0.69700761,0.93003145,0.69214679,1
0.19612078,0.91247615,0.80122372,0.81013631,0.99785117,3
0.40604999,0.33773399,0.87413781,0.55859932,0.36373332,3
0.94085527,0.06787463,0.17758130,0.24362034,0.15473239,0
0.72737687,0.51905750,0.46536368,0.92780568,0.30228853,1
0.86170298,0.00601835,0.88725581,0.96955775,0.66833441,0
0.47520983,0.30701010,0.63422295,0.59550242,0.28456978,1
0.83705199,0.58985717,0.28905501,0.09312642,0.94032419,2
0.69800327,0.64180095,0.16542847,0.51164530,0.86457899,3
0.30879139,0.33313394,0.37571125,0.44006184,0.13910530,1
0.09017984,0.07304077,0.96875235,0.91664698,0.37228741,0
0.16740223,0.66020087,0.37898560,0.42111055,0.89505368,1
0.86958791,0.67142630,0.95783989,0.42198828,0.77319644,3
0.13067117,0.44833633,0.94857596,0.80793985,0.49924926,3
0.00499734,0.99586611,0.23977197,0.53920425,0.00601689,1
0.65787273,0.16047685,0.51795020,0.68098634,0.68813596,0
0.04422979,0.20468110,0.92509132,0.12618413,0.63613456,2
0.03638178,0.02851032,0.84300569,0.55111051,0.37521327,3
0.55141961,0.85809414,0.24610980,0.01738201,0.81706199,1
0.86513402,0.64374238,0.16743442,0.04848323,0.82789525,2
0.13930608,0.59687540,0.63563949,0.61054784,0.52845403,1
0.54567042,0.06510877,0.07535071,0.08015129,0.18827711,0
0.35998836,0.64593146,0.30282588,0.77365547,0.19911309,1
0.86237289,0.46501089,0.54828952,0.18146740,0.33009544,1
0.22927164,0.35616248,0.10080218,0.35023164,0.12312732,1
0.65000369,0.77024141,0.04495418,0.01644292,0.65282624,2
0.85619790,0.18471857,0.26792923,0.42851599,0.29380232,0
0.70567542,0.84644219,0.33616413,0.75137078,0.65132533,3
0.79244233,0.43488894,0.06255463,0.82287427,0.21668934,1
0.44786430,0.10870653,0.22484442,0.55849328,0.31663128,0
0.22970618,0.91047504,0.26113644,0.90217936,0.18261481,1
0.04871523,0.33968606,0.24394026,0.81993314,0.79889422,1
0.12507937,0.11426617,0.82730700,0.27005827,0.31631391,3
0.13048718,0.08223015,0.21785578,0.56894542,0.24270789,0
0.24049250,0.30919559,0.03302173,0.92281804,0.85499122,1
0.08681600,0.44520787,0.95036034,0.85426004,0.50180594,1
0.05298750,0.64378308,0.40621741,0.44452651,0.63341331,1
0.66990091,0.42786545,0.20618896,0.46952013,0.89481440,1
0.46173045,0.77574111,0.68545237,0.79062130,0.51936247,3
0.36118107,0.73000801,0.41520712,0.77024190,0.57086483,1
0.30559996,0.92480763,0.66224139,0.97657957,0.82532514,1
0.12590483,0.25633840,0.44599972,0.13188920,0.24398869,1
0.58393845,0.86688995,0.72200947,0.27901305,0.00695343,3
0.80361300,0.35034747,0.23562301,0.77841112,0.03252041,1
0.68336868,0.34716836,0.09880587,0.62927159,0.12911190,1
0.40078932,0.39801474,0.44181977,0.80869077,0.00266147,1
0.01317051,0.25785239,0.35872797,0.55971503,0.54370071,1
0.12970684,0.51123696,0.82568613,0.18967872,0.24984034,3
0.78520270,0.73605393,0.03317412,0.81210776,0.18807283,3
0.93975960,0.98932963,0.55162811,0.68392392,0.61502114,3
0.91866909,0.88270505,0.72370470,0.74804114,0.31658926,3
0.90302071,0.07115350,0.94836721,0.02635471,0.18431906,0
0.75566378,0.74272911,0.33739016,0.14413033,0.54060717,3
0.96100213,0.74980139,0.26397342,0.49187451,0.95012881,3
0.63790556,0.39027598,0.00853650,0.23682924,0.38189981,1
0.39318226,0.30652544,0.91669283,0.39657034,0.78897671,3
0.12299629,0.14401001,0.08057672,0.39571439,0.32069724,0
0.74984114,0.56205529,0.33448964,0.72204842,0.73803492,3
0.99108643,0.27893369,0.75429077,0.28832132,0.78163908,1
0.86815553,0.15301514,0.67276325,0.83146494,0.75907027,0
0.80179230,0.95651484,0.80556720,0.51521676,0.55137839,3
0.10426474,0.53951563,0.51437997,0.64692329,0.10072680,1
0.62151735,0.58644406,0.97582426,0.69241553,0.62044221,3
0.94204828,0.24525871,0.52915709,0.72410886,0.86132646,1
0.95578294,0.06277001,0.59563270,0.19313529,0.59206416,0
0.21957360,0.69807202,0.11818738,0.63065841,0.36788144,1
0.52900845,0.11573092,0.92806344,0.00394996,0.56003828,2
0.80713642,0.29816941,0.86582323,0.33731767,0.00576607,1
0.18731735,0.77648964,0.23873733,0.55473020,0.84180567,1
0.49413599,0.77885373,0.66556173,0.54653368,0.42942084,3
0.42688733,0.00587200,0.73463135,0.37113150,0.91942795,0
0.48547792,0.88269377,0.12660423,0.75034739,0.11367277,1
0.37626973,0.86691822,0.62949384,0.98299935,0.64502454,1
0.32042184,0.96002600,0.46644826,0.09493484,0.62273945,1
0.58360731,0.95685415,0.73259279,0.69981806,0.24204643,3
0.23629965,0.53115296,0.66754490,0.10394225,0.41421842,1
0.28097917,0.89759074,0.44945999,0.29282566,0.77058100,1
0.11316273,0.30924213,0.12387323,0.70625631,0.68899949,1
0.38793658,0.02905508,0.16952937,0.08648593,0.39140757,0
0.16093316,0.94282400,0.89491476,0.48146620,0.14762377,3
0.29381005,0.14060585,0.64116126,0.15790152,0.09448640,0
0.28738679,0.70065960,0.84411504,0.12309747,0.94440547,2
0.12079544,0.20299148,0.54564577,0.94668395,0.03010871,0
0.62446704,0.41435804,0.97649664,0.94777654,0.86793373,1
0.57288342,0.15125474,0.30383435,0.56067335,0.75239512,0
0.93036473,0.02759635,0.74439648,0.88153932,0.39760961,0
0.49366683,0.66840313,0.21688854,0.27493537,0.20575603,1
0.74956669,0.38404837,0.02528674,0.69795877,0.16351660,1
0.56196113,0.68010643,0.60566639,0.05492705,0.62772974,1
0.65458807,0.94280643,0.01058558,0.97282001,0.85347268,3
0.37841527,0.82011554,0.63171051,0.08282972,0.45719371,1
0.09862822,0.00257429,0.94618444,0.14080376,0.75079844,3
0.22255117,0.76786153,0.11880539,0.12358018,0.56973490,1
0.62870582,0.03366969,0.98006126,0.48297354,0.10930960,0
0.23646061,0.25710112,0.90941948,0.57892928,0.07617514,3
0.14147705,0.04460968,0.25141402,0.90694554,0.88435080,0
0.04354954,0.55465328,0.25348903,0.68302249,0.76664855,1
0.91511259,0.26383774,0.70696762,0.55893513,0.13938790,1
0.80083982,0.82460989,0.36562010,0.75374204,0.44818237,3
0.15667436,0.83734747,0.73700803,0.42317538,0.99162345,1
0.07008279,0.05809328,0.83896761,0.38579273,0.26964161,3
0.54240424,0.58634884,0.86234839,0.49954019,0.48654710,3
0.06824460,0.75877223,0.26602980,0.64147337,0.71026365,1
0.59578205,0.21468291,0.78319348,0.63345165,0.42541100,0
0.75007198,0.18343193,0.62616975,0.98928537,0.57976029,0
0.24973856,0.40765517,0.53149682,0.35842907,0.98689531,1
0.94272991,0.70615570,0.47074738,0.73852726,0.81221058,3
0.97040994,0.11796153,0.95732361,0.04870494,0.84925075,0
0.34724195,0.21644297,0.84610642,0.35304915,0.92540542,3
0.18015533,0.33925685,0.47299754,0.14298911,0.91756897,1
0.10830550,0.14836262,0.17438679,0.89466188,0.68476178,0
0.50540220,0.95872852,0.83942188,0.06308815,0.85023700,2
0.09258666,0.26516250,0.92661527,0.50617649,0.18018103,3
0.47651009,0.25887365,0.55091917,0.44668307,0.15614641,1
0.82317868,0.20465136,0.51111725,0.05518702,0.41605093,0
0.92343416,0.93339919,0.40302270,0.12243249,0.33708979,2
0.77283188,0.46982289,0.50810379,0.97287970,0.45069883,1
0.91828310,0.71158274,0.04827301,0.90526687,0.04787663,1
0.69194040,0.18070757,0.39041278,0.04271808,0.86279559,0
0.26622071,0.22978124,0.70828036,0.41891697,0.96176227,1
0.65751190,0.58437613,0.62675365,0.88501581,0.08772699,1
0.63129033,0.74141026,0.48915334,0.24165827,0.19055702,3
0.82068458,0.61795466,0.16564637,0.88640868,0.50143868,3
0.09962014,0.90556096,0.95774447,0.26479854,0.39456835,3
0.93957248,0.33055810,0.55408153,0.74214955,0.35449541,1
0.38837137,0.63796101,0.58375907,0.73918748,0.10113932,1
0.66231444,0.76275994,0.58673195,0.35054705,0.43753788,3
0.49522151,0.00441566,0.51343874,0.38008532,0.90688189,0
0.56885264,0.23486027,0.00519699,0.77517559,0.77932372,1
0.09492190,0.43985290,0.80599311,0.54938400,0.28143399,3
0.12433574,0.16825052,0.90912015,0.93821907,0.93212669,0
0.10277000,0.05953740,0.79515684,0.04140187,0.68597160,2
0.60770247,0.83663224,0.94247222,0.82574477,0.72390011,3
0.26606745,0.65449153,0.74102992,0.03512948,0.44709575,1
0.04040641,0.41780076,0.90710105,0.90473352,0.75670842,1
0.96699371,0.11300710,0.98944017,0.21397148,0.96795240,0
0.52743864,0.86204144,0.01363341,0.97650207,0.73714461,3
0.03831864,0.54335435,0.12293699,0.38047816,0.81099927,1
0.14863704,0.93081543,0.51341447,0.00356913,0.68491106,1
0.86014752,0.05649414,0.85276885,0.33507806,0.82425626,0
0.53814213,0.38719785,0.12524316,0.40686681,0.80316858,1
0.47996163,0.92584045,0.65698264,0.03637961,0.53367021,1
0.67374577,0.51974736,0.02984723,0.49001980,0.07170415,1
0.57419662,0.87294891,0.98443903,0.36872568,0.07841952,3
0.64016431,0.53918294,0.94435303,0.15659974,0.81221661,3
0.44465513,0.63008021,0.61734228,0.88055496,0.95999852,3
0.17655185,0.21687096,0.21511987,0.56069127,0.13975535,0
0.32323417,0.38903122,0.64379159,0.27374417,0.81889489,1
0.80782946,0.50355391,0.78420532,0.56553507,0.60874657,1
0.99410124,0.22419037,0.78790145,0.02919518,0.26421228,1
0.26357126,0.82143063,0.94058389,0.19877471,0.30096806,3
0.22865396,0.31609025,0.56281332,0.03827976,0.28671877,1
0.89664277,0.51058126,0.40138146,0.45906090,0.93239004,1
0.09557471,0.78961568,0.31648500,0.54801028,0.34563221,1
0.55886201,0.15772094,0.63101098,0.44630908,0.80908647,0
0.82450684,0.66631766,0.19426108,0.21679281,0.44380862,3
0.05338691,0.71230055,0.00447693,0.62591378,0.13781839,1
0.95323416,0.93922880,0.60325336,0.58099699,0.42273439,3
0.66792417,0.87259559,0.73896285,0.58881936,0.03825377,1
0.90740055,0.88338674,0.64577348,0.58799163,0.09331800,1
0.68754033,0.73461618,0.06474705,0.07440931,0.30687345,2
0.14353337,0.09778368,0.65537831,0.64070539,0.23480990,0
0.85343658,0.02719071,0.18378893,0.26394431,0.40053108,0
0.15549483,0.25144031,0.45577728,0.18411323,0.17515792,1
0.14259384,0.10703267,0.66395132,0.56407376,0.95081410,0
0.83884279,0.36807084,0.46101739,0.28736920,0.17111638,1
0.29085659,0.62914469,0.43766897,0.36529209,0.13150671,1
0.29221667,0.80995834,0.81533977,0.04969819,0.10644966,2
0.65129183,0.35500102,0.03576235,0.06236197,0.40910435,1
0.97637113,0.46041163,0.65282569,0.07200486,0.04736690,1
0.88062289,0.21428492,0.07396435,0.39777809,0.45246426,0
0.39357246,0.44665198,0.69709791,0.44076288,0.69090452,1
0.26912215,0.18843236,0.17419745,0.39037262,0.03656840,0
0.38832996,0.93660299,0.09015696,0.95640376,0.97702902,1
0.18277015,0.69717009,0.37164693,0.93058363,0.57465185,3
0.12661299,0.52836022,0.51631144,0.71873585,0.89712211,1
0.60364845,0.17869002,0.29442235,0.56194146,0.69403398,0
0.91919591,0.76299106,0.28514932,0.92351958,0.91520527,3
0.23676011,0.72461431,0.38576563,0.19121273,0.79498660,1
0.78503482,0.02546511,0.30377723,0.73313012,0.32828782,0
0.00787570,0.32625918,0.53442971,0.82450271,0.88728340,1
0.90814397,0.73249189,0.29132864,0.15963645,0.97862140,3
0.59660818,0.32563304,0.45415825,0.40645336,0.92220199,1
0.24100917,0.80712449,0.81656905,0.19041076,0.46333494,3
0.71981063,0.41040914,0.05465009,0.19799397,0.69888108,1
0.64670126,0.83069209,0.89688705,0.76604634,0.90057705,3
0.84260964,0.54163931,0.69256810,0.90840300,0.78076230,3
0.00632976,0.36768576,0.10040937,0.86933101,0.07470037,1
0.96783749,0.87498120,0.20504801,0.92982879,0.81056654,3
0.32614946,0.60733387,0.50795714,0.03995709,0.36149785,1
0.87704791,0.73875940,0.72671906,0.76861770,0.50126661,3
0.26995928,0.79428499,0.22165155,0.33742693,0.72223472,1
0.34487079,0.45866910,0.97705314,0.53394511,0.16724013,3
0.91046175,0.51924863,0.35898427,0.61201524,0.67244898,1
0.91321156,0.88246440,0.02877043,0.03890332,0.94100287,2
0.26271427,0.11278145,0.61943707,0.84113337,0.58835384,0
0.33885837,0.08045209,0.42742362,0.06586871,0.54220333,0
0.33357373,0.22797925,0.13714606,0.26592817,0.74189105,1
0.20109240,0.91778908,0.60634679,0.81622052,0.68132931,1
0.92129347,0.19270097,0.44225400,0.61405336,0.06140891,0
0.98634199,0.73119279,0.63336761,0.89375852,0.67766261,3
0.90095481,0.04026955,0.07742628,0.52908846,0.80898747,0
0.91617859,0.79201440,0.24513263,0.14521880,0.10997992,3
0.92861068,0.56509470,0.68611603,0.97146285,0.26383021,3
0.97194833,0.44787134,0.49297693,0.46602681,0.74016332,1
0.59682513,0.53240352,0.47493773,0.63996936,0.72493696,1
0.07772509,0.03382524,0.45964774,0.43039466,0.87212754,0
0.69976134,0.72321087,0.20859144,0.34430201,0.39411731,3
0.09955198,0.00187923,0.64907931,0.57841299,0.46234472,0
0.81630259,0.63103981,0.73870131,0.63830236,0.52643010,3
0.83918426,0.03329945,0.44694881,0.57109673,0.44371637,0
0.44373804,0.68268199,0.82809385,0.64294063,0.12546790,3
0.35804027,0.22384092,0.70462858,0.69157196,0.70214991,1
0.68000560,0.87121746,0.75977947,0.76953374,0.64506484,3
0.05108657,0.28528490,0.59550722,0.96000765,0.44283588,1
0.26933477,0.60267731,0.50342126,0.04606401,0.84546812,1
0.52120034,0.68848237,0.55835392,0.55105186,0.97380650,1
0.51983243,0.97808384,0.52356102,0.11170773,0.93947455,1
0.39923705,0.60214207,0.20903227,0.09955558,0.83967957,1
0.21341250,0.48180406,0.49575232,0.53449673,0.05100580,1
0.94011755,0.84343078,0.65695837,0.45475967,0.14715847,1
0.05878946,0.22999341,0.46629759,0.99274761,0.25248172,1
0.23739901,0.90240770,0.09828165,0.61092893,0.73614305,1
0.82450973,0.06864953,0.35312777,0.40042890,0.81856061,0
0.61027941,0.49120468,0.45443221,0.07249192,0.33054466,1
0.79898949,0.75717550,0.21437650,0.07639650,0.29973466,2
0.94812749,0.56772565,0.31531420,0.57886268,0.61216368,3
0.67993403,0.89521435,0.34382689,0.11728908,0.73447873,2
0.05629379,0.17699697,0.25563042,0.09153946,0.42199126,0
0.32865357,0.52024497,0.52469264,0.93285931,0.21044687,1
0.23089032,0.91051615,0.14988055,0.97370532,0.51184855,1
0.63106472,0.44375671,0.76638555,0.36371736,0.51095263,1
0.95853566,0.23138188,0.68972220,0.95883539,0.27811083,1
0.74816034,0.53055953,0.30324979,0.03721324,0.72561355,1
0.68293922,0.61796101,0.12665783,0.23129518,0.00971333,3
0.01265069,0.73805343,0.06823301,0.29831671,0.91591007,1
0.54490499,0.61871255,0.75138320,0.91548871,0.23317482,1
0.84488758,0.85809558,0.19404848,0.28523606,0.66906070,3
0.52445474,0.25333109,0.90572084,0.62744323,0.95411082,3
0.30102211,0.58588706,0.54538974,0.02528450,0.27600045,1
0.00764945,0.18052861,0.30068326,0.21242767,0.79945680,0
0.71220439,0.81907605,0.98816984,0.69640058,0.03269546,3
0.43989902,0.04624613,0.03409179,0.43432026,0.68356868,0
0.38150951,0.96519835,0.19237273,0.29684968,0.05571052,1
0.25012238,0.99459620,0.11687903,0.79187907,0.43273797,1
0.24428961,0.15074045,0.23454464,0.75216550,0.11722324,0
0.63898526,0.59631825,0.69658235,0.58537928,0.34621301,3
0.69983284,0.04565202,0.78276660,0.47721680,0.21443450,0
0.24415811,0.90739350,0.86789229,0.17533299,0.66757347,3
0.49745776,0.98882166,0.51910932,0.43930360,0.20093012,1
0.69839346,0.23256934,0.46883274,0.92819597,0.55024300,1
0.93525316,0.85385859,0.60845860,0.27699897,0.06641733,3
0.55481021,0.34045295,0.22532226,0.79548721,0.04711159,1
0.96379064,0.78361207,0.29139336,0.04160696,0.84822237,2
0.10808332,0.29843750,0.95988732,0.13576336,0.66177154,3
0.74532878,0.77095835,0.62570120,0.26354277,0.09714159,3
0.63063663,0.83766316,0.02746038,0.81075222,0.67288317,3
0.40255544,0.31477711,0.88401038,0.98153557,0.72465043,1
0.79004037,0.09656401,0.63509214,0.58184979,0.90273445,0
0.07353866,0.75628462,0.42856525,0.82688055,0.32139992,1
0.42874653,0.43139777,0.07197787,0.39550362,0.21405760,1
0.26688095,0.51539302,0.63365635,0.16881257,0.03605116,1
0.10722709,0.32688290,0.30489724,0.71263102,0.10467559,1
0.96117867,0.40285814,0.82772907,0.28116524,0.77011519,1
0.49400979,0.17891272,0.35621472,0.64028713,0.70518368,0
0.42239565,0.30358067,0.90955396,0.21666498,0.73475703,3
0.88065087,0.22976580,0.20893710,0.10579658,0.99485015,1
0.26057469,0.34072214,0.88864229,0.57100779,0.33775442,3
0.30005208,0.80789126,0.32888997,0.08373086,0.95111476,1
0.69458635,0.30529361,0.00390966,0.77134810,0.75938245,1
0.00155752,0.03540482,0.32864746,0.89606715,0.68479411,0
0.96712555,0.20314336,0.19593525,0.50972625,0.42999060,0
0.41390349,0.37287003,0.42166570,0.29956131,0.71994938,1
0.39625992,0.18655141,0.34589728,0.18435566,0.90964862,0
0.94393510,0.86284172,0.65202460,0.41629767,0.97027291,3
0.88109984,0.97449977,0.61659006,0.54855004,0.29101753,3
0.46985038,0.06231704,0.82146024,0.88976997,0.89479090,0
0.77125621,0.15320948,0.91751563,0.50695524,0.26061407,0
0.80876065,0.82024643,0.27769628,0.21887836,0.55689569,3
0.31309761,0.86163339,0.64754670,0.62654992,0.29602535,1
0.25758669,0.55646627,0.76231703,0.33904417,0.68055770,3
0.34133070,0.90465472,0.20893624,0.22017356,0.88198071,1
0.50050104,0.37695372,0.58561024,0.77744243,0.97845964,1
0.46840373,0.45198927,0.03947654,0.22151248,0.11418715,1
0.27928445,0.39362452,0.22038232,0.35630733,0.23250457,1
0.38123325,0.77307552,0.76934779,0.81332434,0.57149060,3
0.23052353,0.26037013,0.10922715,0.07197101,0.70610106,1
0.26510711,0.87648004,0.89665307,0.08980489,0.19633425,2
0.74891429,0.42486103,0.50669789,0.72339836,0.07747421,1
0.72430421,0.30437975,0.32016273,0.94543618,0.61631148,1
0.58299433,0.74707041,0.12939585,0.50142960,0.37654371,3
0.95594249,0.47120636,0.79957373,0.04251894,0.58730538,1
0.47224174,0.94559950,0.36226778,0.04088619,0.90619649,1
0.00184301,0.01039303,0.44781763,0.36603618,0.69585181,0
0.44684196,0.45702887,0.01924445,0.62283875,0.44077541,1
0.65507680,0.90289302,0.87688191,0.07000316,0.73331331,2
0.09573317,0.47129647,0.50901939,0.40256155,0.79630169,1
0.20849181,0.99224614,0.18838615,0.74082765,0.31693546,1
0.45143636,0.55595521,0.12499105,0.22033668,0.88073850,1
0.70019477,0.26713217,0.66815811,0.35329968,0.29891904,1
0.06594175,0.32864571,0.34761949,0.93175432,0.81974187,1
0.00954144,0.33613306,0.25010699,0.93045503,0.80354474,1
0.93171698,0.77685863,0.86720378,0.71796226,0.46076160,3
0.46496903,0.60475474,0.73457781,0.88672715,0.24090079,3
0.79369161,0.06694361,0.10507367,0.42201222,0.34609314,0
0.98770881,0.73921638,0.90661956,0.44071663,0.89040336,3
0.72873149,0.51355252,0.97978670,0.54760010,0.38327063,1
0.81778041,0.83294816,0.54597561,0.23456931,0.97955610,3
0.02646198,0.66432714,0.39771198,0.04107769,0.67194736,1
0.62730024,0.27623787,0.25045888,0.05321053,0.23955865,1
0.38223644,0.41974537,0.76809962,0.32084203,0.14274014,3
0.62440371,0.23744851,0.92639172,0.24979523,0.25175493,1
0.70039445,0.01596128,0.40573114,0.97006926,0.93085723,0
0.82696622,0.34553981,0.31710260,0.58065447,0.21481230,1
0.95333191,0.47325700,0.88013699,0.02646495,0.63665027,1
0.43486362,0.79479581,0.19392542,0.24505380,0.83990568,1
0.48305992,0.25095747,0.27594316,0.16139963,0.40924233,1
0.82574414,0.19157636,0.20294731,0.99968851,0.61664900,0
0.72069745,0.72235659,0.57441093,0.19502706,0.12947667,3
0.24638190,0.93346467,0.25486739,0.79801932,0.13530929,1
0.35351173,0.96028074,0.12849384,0.01035168,0.43293033,1
0.74608085,0.13316160,0.13075213,0.08171177,0.63275961,0
0.31676483,0.32221626,0.95074349,0.43286233,0.86948543,3
0.28656436,0.73148789,0.08466578,0.56096077,0.67909702,1
0.75158544,0.28456874,0.55894936,0.02232072,0.57513224,1
0.55678742,0.38528218,0.57680611,0.35645431,0.69887355,1
0.05648127,0.78159485,0.30250582,0.06506588,0.50488195,1
0.63899127,0.45009700,0.70431497,0.11879818,0.50982361,1
0.69608153,0.52478691,0.67617705,0.69681277,0.23101994,1
0.71481840,0.51783018,0.56251240,0.16738389,0.31434636,1
0.28976571,0.62758823,0.98141320,0.91237112,0.09270471,3
0.98521174,0.43779801,0.19672000,0.61488465,0.38842926,1
0.23301259,0.16301668,0.45216615,0.23662603,0.95811919,0
0.87097624,0.92724606,0.98257914,0.93165693,0.72502536,3
0.39248503,0.48956630,0.37166170,0.53874349,0.63364586,1
0.99176070,0.38369958,0.83447832,0.78892410,0.26981910,1
0.51550306,0.34967541,0.43100281,0.43134323,0.58248798,1
0.07389690,0.70760145,0.70284491,0.02312626,0.86115133,1
0.94584779,0.60211792,0.09089169,0.32052287,0.35629554,3
0.99803079,0.01789043,0.37453147,0.17838440,0.08703822,0
0.03562080,0.33330546,0.25478757,0.71115698,0.93540634,1
0.45949143,0.64280739,0.19603334,0.67921667,0.79009988,1
0.72840489,0.59329751,0.28417127,0.14914569,0.34306183,3
0.57232550,0.61911471,0.76360255,0.82739768,0.12975770,3
0.66677061,0.36052477,0.85272288,0.69862766,0.62837112,1
0.38409871,0.49070262,0.46854900,0.22247084,0.38326203,1
0.41548987,0.94934383,0.71817098,0.43925543,0.41168274,1
0.68901278,0.06858631,0.86411649,0.35484828,0.29222068,0
0.50946030,0.81707317,0.55414766,0.77073616,0.27258824,3
0.00760430,0.72524460,0.52672531,0.13984018,0.61331781,1
0.67358913,0.74152397,0.11711521,0.15181947,0.24842095,3
0.30139975,0.68521090,0.66797410,0.32239683,0.96985224,1
0.13717573,0.16380304,0.24975674,0.94722888,0.07373122,0
0.22959561,0.77289547,0.69187903,0.86170486,0.10890602,1
0.61738172,0.11266928,0.98382222,0.64327394,0.94550089,0
0.76059155,0.01852848,0.64443811,0.40027817,0.58137372,0
0.11511276,0.28090205,0.32489750,0.81903297,0.52072851,1
0.33387259,0.15203488,0.53543594,0.39209839,0.17694569,0
0.54680661,0.13112943,0.26629314,0.90183983,0.90768730,0
0.51202754,0.22392155,0.31989366,0.26169341,0.88577952,1
0.10290663,0.96527603,0.59570459,0.57536337,0.82666149,1
0.06354420,0.41115418,0.33317966,0.77145384,0.85290161,1
0.12074563,0.08921567,0.56289033,0.81411734,0.47081933,0
0.74890246,0.92939592,0.13463174,0.13513703,0.95947884,3
0.05254595,0.18290141,0.48671527,0.32876502,0.77112221,0
0.76882216,0.51460081,0.59849634,0.75804820,0.71348917,1
0.31221916,0.56961705,0.93093905,0.23330885,0.31586157,3
0.92035578,0.99510190,0.28839504,0.87298598,0.49823151,3
0.28778539,0.19304644,0.56499339,0.25480496,0.61923977,0
0.88295339,0.29335119,0.55916311,0.41462132,0.59305565,1
0.22692280,0.83672533,0.67489632,0.61337793,0.02318486,1
0.44016047,0.30786293,0.22745948,0.37529314,0.64163771,1
0.06045346,0.96302519,0.17957757,0.24893578,0.12032923,1
0.28973132,0.49280176,0.71094886,0.18453998,0.91601883,1
0.68820210,0.76466751,0.01131295,0.82581993,0.32112225,3
0.33182768,0.57098347,0.04072527,0.85517346,0.91580495,3
0.39620434,0.74722020,0.91685012,0.76160259,0.27578906,3
0.57190902,0.01757508,0.19958517,0.20116966,0.54439452,0
0.93764889,0.94927819,0.79223728,0.34465519,0.79643305,3
0.88973397,0.79171099,0.82621702,0.49707083,0.29755887,3
0.32925920,0.01492478,0.31627267,0.34235303,0.95713101,0
0.96692314,0.70556479,0.69387598,0.43194789,0.08262470,3
0.07051389,0.87043491,0.92006159,0.75168254,0.40712917,3
0.42238651,0.81243100,0.66323015,0.16815991,0.75542417,1
0.92745070,0.93817544,0.46484548,0.52647587,0.68649243,3
0.54935665,0.03976216,0.08737556,0.04016888,0.61203777,0
0.04998145,0.78017856,0.36813821,0.11905969,0.52318796,1
0.50533742,0.81897894,0.75304986,0.11102021,0.61338746,1
0.08702779,0.86675071,0.51662029,0.47225426,0.56184613,1
0.93313053,0.36226587,0.47722605,0.64895234,0.56282856,1
0.30153067,0.56989495,0.31951541,0.57455968,0.32680342,1
0.03719304,0.04513423,0.74485732,0.51820998,0.35118987,0
0.69582263,0.52924825,0.89513241,0.12329125,0.63922678,1
0.24002475,0.48297054,0.39542400,0.17435528,0.12401269,1
0.46005711,0.09251842,0.31341372,0.26118211,0.13617724,0
0.79815986,0.20132662,0.19315135,0.61727900,0.85665431,0
0.30200765,0.07375842,0.21436562,0.47895380,0.72826163,0
0.33679656,0.87363046,0.30896477,0.56654807,0.93280420,1
0.55635400,0.75286234,0.87565407,0.67820884,0.71119282,3
0.57810788,0.14994949,0.11608348,0.10804869,0.58287722,0
0.44489785,0.40446197,0.17154019,0.97632554,0.86884963,1
0.31822557,0.86117992,0.03330619,0.80263690,0.13802514,1
0.11099421,0.40446466,0.98940138,0.90192507,0.86403197,1
0.83029832,0.98172603,0.59747565,0.91707612,0.71398449,3
0.63192035,0.67588498,0.95694222,0.31907914,0.49017248,3
0.63463876,0.96780903,0.12530696,0.97726196,0.03318605,1
0.43787145,0.64976123,0.90263105,0.34577682,0.34826306,3
0.78680500,0.70566220,0.30738258,0.99065328,0.75694920,3
0.46905693,0.67569640,0.31662661,0.46825112,0.60725669,1
0.82201026,0.42327091,0.68613523,0.03026358,0.93896692,1
0.98474731,0.20033522,0.58593068,0.49685550,0.65350674,0
0.13646328,0.42359064,0.67855452,0.34682170,0.74074070,1
0.51060267,0.17490388,0.78324215,0.50974461,0.85372636,3
0.35483321,0.69205127,0.47090160,0.53197946,0.79832229,1
0.12592918,0.76184295,0.69159719,0.25499387,0.83998509,1
0.90094345,0.00096109,0.50184555,0.88158909,0.75312321,0
0.03142269,0.83838888,0.98514698,0.62464642,0.20200311,3
0.34258738,0.67085520,0.81540721,0.87398376,0.58306479,3
0.54603534,0.51734803,0.31901935,0.59455332,0.06922383,1
0.59663291,0.49660959,0.77954773,0.03765888,0.11445653,1
0.20584195,0.98412083,0.63970248,0.66879459,0.34796627,1
0.52175398,0.19479399,0.08508634,0.97542886,0.74805130,0
0.36653526,0.22701255,0.85722923,0.55070407,0.79353584,3
0.04113524,0.59921314,0.01362121,0.28721836,0.71590410,1
0.68785364,0.27481244,0.06144464,0.06285161,0.57385876,1
0.78625160,0.29281617,0.93006947,0.46233542,0.36677632,1
0.67331352,0.27080508,0.11860985,0.03997467,0.59290488,1
0.57963312,0.00043467,0.91019949,0.61244008,0.46525600,0
0.92395548,0.89640160,0.72784200,0.53640611,0.24193593,3
0.39195351,0.62627505,0.20195708,0.14595029,0.76444549,1
0.35318279,0.13899542,0.26615220,0.60928217,0.03629499,0
0.92572313,0.29452927,0.60185955,0.70750825,0.54908232,1
0.74549274,0.19189380,0.56856926,0.04535195,0.90372281,0
0.40753960,0.32127143,0.86377933,0.16932866,0.81801795,3
0.02486994,0.27806622,0.12039879,0.44515421,0.06750423,1
0.14914711,0.53073048,0.69379217,0.02945539,0.74193473,1
0.97638322,0.22567471,0.37874145,0.68897023,0.80969112,1
0.27914763,0.83501660,0.26991598,0.35400620,0.34664958,1
0.33997563,0.34549034,0.09779561,0.16349574,0.69784921,1
0.81798174,0.87996494,0.69224561,0.90830152,0.75925373,3
0.53150119,0.08941608,0.68162803,0.90745755,0.80537140,0
0.10610714,0.74357875,0.49143786,0.45803752,0.48797077,1
0.42684537,0.93899492,0.29898416,0.46957362,0.58530631,3
0.05355612,0.33497912,0.74413498,0.48368972,0.07058875,1
0.63050396,0.34124357,0.49061420,0.31415832,0.69333184,1
0.34336297,0.92442986,0.50470085,0.16178226,0.30893137,1
0.75960599,0.65690199,0.12719490,0.77053049,0.46481957,3
0.46416570,0.03897634,0.77618544,0.47934276,0.97255513,3
0.34053861,0.53600954,0.39141472,0.63735388,0.64551537,1
0.67742581,0.40539394,0.96998157,0.10163630,0.52009229,1
0.41552400,0.05124290,0.37808618,0.87293099,0.60986472,0
0.09790038,0.75996097,0.62590183,0.03652955,0.90955596,1
0.61111521,0.46190906,0.54755998,0.92596128,0.45268116,1
0.16958582,0.44709496,0.08088817,0.53926068,0.95762627,1
0.48542253,0.94518781,0.12000234,0.44194667,0.92619937,3
0.33763851,0.66168071,0.10545367,0.83379737,0.24113209,1
0.82595109,0.28989494,0.85510558,0.60029146,0.91799913,1
0.23422315,0.12236328,0.55515091,0.29017741,0.66240299,0
0.88245012,0.04142991,0.65735163,0.59477601,0.64212644,0
0.31533658,0.66967864,0.56397872,0.24317357,0.31862459,1
0.47733731,0.92079127,0.10482749,0.83868556,0.13027224,1
0.11252208,0.55185070,0.36581768,0.69533953,0.39441957,1
0.85484663,0.68363924,0.34971750,0.65687083,0.14396520,3
0.20763211,0.53454268,0.72133524,0.73758440,0.66681636,1
0.98170009,0.45166021,0.89865438,0.52537103,0.13169373,1
0.58250462,0.57332947,0.84296603,0.43966156,0.92975300,3
0.17346415,0.03126593,0.51355132,0.07471310,0.83497022,0
0.83075940,0.89522620,0.72940235,0.07374378,0.73281518,2
0.92371688,0.56275548,0.13577845,0.26711131,0.81823070,3
0.00339407,0.99030954,0.80309757,0.93688507,0.36737724,3
0.09804485,0.88813799,0.51534800,0.21432708,0.50610771,1
0.60587136,0.62900137,0.50317932,0.24551256,0.56226727,3
0.96486057,0.44942405,0.82227163,0.09309914,0.97468853,1
0.06220633,0.49581048,0.09213986,0.92795292,0.00758485,1
0.56808748,0.50951797,0.90423162,0.21017344,0.10720911,3
0.65212267,0.49099238,0.59144167,0.88313569,0.25042620,1
0.51992333,0.75710593,0.35317021,0.18162800,0.17549894,1
0.16544630,0.87274249,0.38292219,0.06419034,0.19444929,1
0.66075057,0.06274656,0.53040234,0.48455762,0.32156247,0
0.08394596,0.08282475,0.61865033,0.89461068,0.13928820,0
0.28306630,0.89332080,0.68498026,0.74175565,0.98391057,1
0.99071184,0.32616077,0.91095037,0.06721702,0.37152502,1
0.29574099,0.94407358,0.68354941,0.85004892,0.65584519,1
0.83923252,0.05525545,0.88271515,0.51623413,0.30060322,0
0.87494737,0.90494851,0.97032179,0.91250084,0.87570575,3
0.71766905,0.25617675,0.23374353,0.05021914,0.19186914,1
0.20504021,0.29992307,0.91122071,0.37347862,0.38809099,3
0.18188585,0.79418080,0.91919925,0.68234576,0.17998633,3
0.93626127,0.41388357,0.55277146,0.83108473,0.41429355,1
0.44571719,0.00425593,0.55954291,0.83885171,0.52791520,0
0.18436000,0.07154257,0.20645449,0.08472058,0.85461931,0
0.81985070,0.58227589,0.17142408,0.93552264,0.02771260,1
0.06320608,0.55044693,0.02540989,0.46550102,0.49409709,1
0.95513212,0.35984601,0.28408060,0.62211049,0.09492302,1
0.21962576,0.71430973,0.48454912,0.89478947,0.10532628,1
0.03511208,0.28697422,0.42614832,0.68662149,0.89915740,1
0.09395084,0.63283326,0.22851555,0.81690579,0.22506758,1
0.24762225,0.38454532,0.22893531,0.45931813,0.78708981,1
0.50119276,0.17642846,0.45806821,0.05988732,0.46521158,0
0.36497162,0.85678618,0.84264128,0.83623013,0.17016985,3
0.18352900,0.72204596,0.79799719,0.13232802,0.74123843,2
0.86850415,0.29143946,0.47822926,0.04327010,0.73794721,1
0.95321641,0.34456490,0.24752581,0.66471832,0.50513817,1
0.17238303,0.18190774,0.32340820,0.02920627,0.28423633,0
0.93987035,0.26548027,0.85746660,0.79637554,0.59466751,1
0.76561570,0.97755091,0.72660839,0.14392255,0.57305905,3
0.68017544,0.50206340,0.84981060,0.32741748,0.82845264,1
0.16167687,0.65220783,0.82165537,0.16385258,0.08974845,3
0.81698086,0.09762373,0.00449603,0.90064648,0.61709025,0
0.32217603,0.87700901,0.59017737,0.70556694,0.38580586,1
0.98842467,0.04307201,0.50758732,0.56787907,0.89999351,0
0.77600123,0.80928319,0.86833904,0.39880240,0.50432813,3
0.56051200,0.60594931,0.79683821,0.80368848,0.39997713,3
0.95462366,0.04358397,0.16498297,0.96104209,0.50695597,0
0.03442335,0.41396342,0.17207739,0.78767596,0.67706180,1
0.51324635,0.04755629,0.54976732,0.71275899,0.26676993,0
0.00148392,0.46386704,0.48177995,0.46656868,0.88894846,1
0.43121583,0.85917959,0.12922904,0.16360089,0.68330122,1
0.67181962,0.65437343,0.88084401,0.57540519,0.45647651,3
0.70015147,0.87425346,0.17105460,0.30594957,0.09105004,3
0.68087801,0.62298344,0.87306470,0.83957295,0.52004798,3
0.13043568,0.72837394,0.36126028,0.64889764,0.96525152,1
0.29331044,0.73648224,0.04852130,0.51303912,0.30501596,1
0.82750474,0.84785852,0.95188154,0.25193173,0.07119047,3
0.80785207,0.67297465,0.92150227,0.30613579,0.50954297,3
0.92877162,0.76307754,0.47554629,0.56628665,0.53150748,3
0.71035847,0.93944814,0.38133417,0.91855594,0.61981555,3
0.52311360,0.18033144,0.76226890,0.72943295,0.08340778,3
0.84520429,0.86098159,0.80158774,0.43355237,0.19154764,3
0.94670730,0.06300861,0.82420993,0.23245900,0.18853243,0
0.73158544,0.56441368,0.78482437,0.97046896,0.01249693,3
0.60568512,0.48788659,0.50282805,0.10115903,0.68764255,1
0.57130175,0.50264460,0.97399759,0.99003552,0.33242103,1
0.94472783,0.92057635,0.98444758,0.10185674,0.23825993,2
0.81323432,0.82563498,0.81402058,0.17460576,0.58972512,3
0.06835786,0.28284699,0.56282159,0.17420658,0.92917019,1
0.68999786,0.01513498,0.71677395,0.66860019,0.15045350,0
0.58114789,0.10423008,0.28445780,0.51150239,0.09372134,0
0.39381141,0.19938825,0.43731452,0.33734884,0.17945140,0
0.67479052,0.18988807,0.35823323,0.58372146,0.32994566,0
0.56686451,0.54012200,0.73902578,0.99697287,0.92078573,3
0.68299910,0.91056550,0.90866639,0.95283383,0.09389083,3
0.57884303,0.76613881,0.19379571,0.17599355,0.84038188,3
0.59590454,0.91060063,0.03553342,0.86543636,0.65505877,3
0.38476712,0.06119214,0.22770875,0.36244911,0.87942272,0
0.28515524,0.12224352,0.45720397,0.47840177,0.91290421,0
0.44293198,0.15917310,0.59640661,0.65109943,0.42468546,0
0.48973735,0.43622340,0.16974731,0.75218162,0.66585879,1
0.49821393,0.93976179,0.83694402,0.56153483,0.03412530,3
0.64159436,0.89966622,0.85503167,0.12784948,0.60910391,2
0.33189225,0.59225479,0.48147596,0.33562298,0.23096366,1
0.97962848,0.65675478,0.43916634,0.55397966,0.65638709,3
0.67898920,0.60423793,0.81648357,0.20335299,0.17066348,3
0.97267098,0.10898129,0.78388360,0.03226224,0.81163623,0
0.71154562,0.51069416,0.77861666,0.05171328,0.98336439,1
